A-n32-k5.vrp,10,,ROUTES,5.0,3330.2,3773.9838709907744,115.2,6.2,121.74141519325079,107.4258064516129,0.03459251696594799
A-n32-k5.vrp,10,,TIME,6.0,2465.8,2715.599886857276,43.9,5.166666666666667,87.5999963502347,79.54193548387097,0.017803552599562008
A-n32-k5.vrp,10,,DIST,5.7,2407.6,2441.8467669080314,214.9,5.43859649122807,78.76925054542036,77.66451612903225,0.08925901312510384
A-n32-k5.vrp,10,,IDLE,20.5,4662.0,4847.553961670505,0.0,1.5121951219512195,156.372708440984,150.38709677419354,0.0
A-n33-k5.vrp,10,,ROUTES,5.0,2826.1,3262.7526150961203,88.8,6.4,101.96101922175376,88.315625,0.031421393439722584
A-n33-k5.vrp,10,,TIME,5.8,1891.8,2098.646435137979,38.3,5.517241379310345,65.58270109806185,59.11875,0.020245269055925573
A-n33-k5.vrp,10,,DIST,5.5,1961.1,1893.8852420524709,243.8,5.818181818181818,59.183913814139714,61.284375,0.1243179848044465
A-n33-k5.vrp,10,,IDLE,23.5,3667.7,3770.0568085982427,0.0,1.3617021276595744,117.81427526869508,114.615625,0.0
A-n33-k6.vrp,10,,ROUTES,6.0,2744.4,3048.546981821527,152.5,5.333333333333333,95.26709318192272,85.7625,0.05556770150123889
A-n33-k6.vrp,10,,TIME,7.0,1932.4,2082.762335366814,55.9,4.571428571428571,65.08632298021294,60.3875,0.02892775822811012
A-n33-k6.vrp,10,,DIST,6.9,1997.4,1867.4816144820998,274.5,4.63768115942029,58.35880045256562,62.41875,0.13742865725443076
A-n33-k6.vrp,10,,IDLE,22.8,3479.8,3566.852707625642,0.0,1.4035087719298245,111.46414711330131,108.74375,0.0
A-n34-k5.vrp,10,,ROUTES,5.0,3054.1,3504.5942993762314,113.6,6.6,106.19982725382519,92.54848484848485,0.03719590059264595
A-n34-k5.vrp,10,,TIME,5.2,2256.2,2519.5600461309396,56.5,6.346153846153846,76.3503044282103,68.36969696969696,0.025042106196259198
A-n34-k5.vrp,10,,DIST,7.8,2323.3,2241.4464522760463,239.5,4.230769230769231,67.9226197659408,70.4030303030303,0.10308612749106873
A-n34-k5.vrp,10,,IDLE,21.3,4149.1,4323.5449243071325,0.0,1.5492957746478873,131.0165128577919,125.73030303030305,0.0
A-n36-k5.vrp,10,,ROUTES,5.0,3289.6,3728.3529877227365,98.4,7.0,106.52437107779247,93.98857142857143,0.029912451361867706
A-n36-k5.vrp,10,,TIME,5.0,2621.3,3265.5262565691196,247.7,7.0,93.30075018768913,74.89428571428572,0.09449509785221072
A-n36-k5.vrp,10,,DIST,5.1,2545.0,2593.8725311875046,238.6,6.862745098039216,74.11064374821441,72.71428571428571,0.0937524557956778
A-n36-k5.vrp,10,,IDLE,24.9,5149.9,5291.155485934683,0.0,1.4056224899598395,151.17587102670524,147.14,0.0
A-n37-k5.vrp,10,,ROUTES,5.0,2988.4,3455.6020965135526,106.3,7.2,95.98894712537646,83.01111111111112,0.03557087404631241
A-n37-k5.vrp,10,,TIME,5.5,2132.4,2367.7245895532637,66.2,6.545454545454546,65.77012748759066,59.233333333333334,0.031044832114049896
A-n37-k5.vrp,10,,DIST,6.4,2128.2,2113.478349849992,214.9,5.625,58.707731940277554,59.11666666666666,0.10097735175265483
A-n37-k5.vrp,10,,IDLE,31.6,4066.9,4022.9910519247446,0.0,1.1392405063291138,111.74975144235401,112.96944444444445,0.0
A-n37-k6.vrp,10,,ROUTES,6.1,3452.7,3918.7444644365432,121.5,5.901639344262295,108.8540129010151,95.90833333333333,0.03518985142062734
A-n37-k6.vrp,10,,TIME,7.1,2804.1,3147.603104648314,61.1,5.070422535211268,87.43341957356428,77.89166666666667,0.021789522484932777
A-n37-k6.vrp,10,,DIST,7.8,2756.4,2770.0543307906983,252.7,4.615384615384616,76.94595363307495,76.56666666666666,0.09167755042809461
A-n37-k6.vrp,10,,IDLE,23.8,4916.5,5124.145223594876,0.0,1.5126050420168067,142.3373673220799,136.56944444444446,0.0
A-n38-k5.vrp,10,,ROUTES,5.1,3114.9,3608.5549706765623,78.1,7.254901960784315,97.52851272098818,84.18648648648649,0.025073036052521747
A-n38-k5.vrp,10,,TIME,6.5,2401.8,2667.184860727061,60.0,5.6923076923076925,72.0860773169476,64.91351351351352,0.02498126405196103
A-n38-k5.vrp,10,,DIST,7.3,2322.1,2285.3902148286047,250.3,5.068493150684931,61.767303103475804,62.75945945945946,0.10779036217217175
A-n38-k5.vrp,10,,IDLE,27.8,4354.6,4453.611653428265,0.0,1.330935251798561,120.36788252508823,117.6918918918919,0.0
A-n39-k5.vrp,10,,ROUTES,5.3,3251.8,3680.0617840795385,99.4,7.169811320754717,96.84373115998785,85.57368421052632,0.03056768558951965
A-n39-k5.vrp,10,,TIME,6.5,2739.3,3182.1679924960185,109.1,5.846153846153846,83.74126296042154,72.08684210526316,0.03982769320629358
A-n39-k5.vrp,10,,DIST,6.9,2626.8,2639.250045643442,259.3,5.507246376811594,69.45394856956426,69.1263157894737,0.0987132632861276
A-n39-k5.vrp,10,,IDLE,38.0,5572.0,5427.382144266778,0.0,1.0,142.8258459017573,146.6315789473684,0.0
A-n39-k6.vrp,10,,ROUTES,6.0,3518.6,4079.4741661796734,102.3,6.333333333333333,107.35458332051772,92.59473684210526,0.029074063548002047
A-n39-k6.vrp,10,,TIME,7.4,2689.9,3124.8515980397965,107.9,5.135135135135135,82.23293679052097,70.78684210526316,0.04011301535373062
A-n39-k6.vrp,10,,DIST,7.9,2731.9,2680.7897343809227,293.8,4.810126582278481,70.54709827318217,71.8921052631579,0.10754420000732091
A-n39-k6.vrp,10,,IDLE,34.4,5227.0,5186.629863026169,0.0,1.1046511627906976,136.49025955332024,137.55263157894737,0.0
A-n44-k7.vrp,10,,ROUTES,6.2,3822.7,4389.844057741652,110.7,6.935483870967742,102.08939669166634,88.89999999999999,0.028958589478640752
A-n44-k7.vrp,10,,TIME,7.0,3206.7,3627.60085205491,72.4,6.142857142857143,84.36281051290489,74.57441860465116,0.02257772788224655
A-n44-k7.vrp,10,,DIST,8.2,3084.5,3127.488974947067,273.4,5.2439024390243905,72.73230174295504,71.73255813953489,0.08863673204733344
A-n44-k7.vrp,10,,IDLE,38.1,6092.5,6039.218831636042,0.0,1.1286089238845145,140.4469495729312,141.6860465116279,0.0
A-n45-k6.vrp,10,,ROUTES,7.0,4520.6,5221.702338733196,159.4,6.285714285714286,118.67505315302718,102.7409090909091,0.035260806087687474
A-n45-k6.vrp,10,,TIME,7.8,3298.7,3676.5958582818835,104.9,5.641025641025641,83.55899677913372,74.97045454545454,0.03180040622063238
A-n45-k6.vrp,10,,DIST,7.7,3119.9,3302.4643646689074,191.0,5.714285714285714,75.05600828792971,70.90681818181818,0.061219910894579954
A-n45-k6.vrp,10,,IDLE,37.3,6182.8,6212.335276183352,0.0,1.1796246648793567,141.18943809507618,140.51818181818183,0.0
A-n45-k7.vrp,10,,ROUTES,7.0,4130.7,4749.986363784072,87.1,6.285714285714286,107.95423554054709,93.87954545454545,0.021086014476965162
A-n45-k7.vrp,10,,TIME,7.2,3566.0,3975.5773750580497,124.7,6.111111111111111,90.35403125131931,81.04545454545455,0.034969153112731355
A-n45-k7.vrp,10,,DIST,7.1,3536.6,3699.8350747500635,243.5,6.19718309859155,84.08716078977417,80.37727272727273,0.06885143923542386
A-n45-k7.vrp,10,,IDLE,36.7,7178.6,7193.483848665717,0.0,1.1989100817438691,163.4882692878572,163.15,0.0
A-n46-k7.vrp,10,,ROUTES,7.0,4093.6,4690.856381371888,139.5,6.428571428571429,104.2412529193753,90.96888888888888,0.034077584522180966
A-n46-k7.vrp,10,,TIME,8.1,3183.8,3578.8144973605586,207.6,5.555555555555555,79.52921105245686,70.75111111111111,0.065205100822916
A-n46-k7.vrp,10,,DIST,9.2,3128.3,3161.234295970617,270.4,4.891304347826087,70.24965102156926,69.51777777777778,0.08643672282070133
A-n46-k7.vrp,10,,IDLE,37.5,5858.6,5891.716643109705,0.0,1.2,130.92703651354898,130.19111111111113,0.0
A-n48-k7.vrp,10,,ROUTES,7.0,4599.6,5383.972917047557,81.4,6.714285714285714,114.552615256331,97.86382978723405,0.017697191060092182
A-n48-k7.vrp,10,,TIME,7.5,3792.2,4423.3774518272285,139.0,6.266666666666667,94.11441386866444,80.68510638297872,0.0366541849058594
A-n48-k7.vrp,10,,DIST,8.2,3687.9,3965.4087127975095,165.0,5.731707317073171,84.37039814462786,78.46595744680852,0.04474090946066867
A-n48-k7.vrp,10,,IDLE,43.4,8047.8,7947.506493222306,0.0,1.0829493087557605,169.09588283451714,171.22978723404256,0.0
A-n53-k7.vrp,10,,ROUTES,7.6,4718.0,5488.658480113958,99.2,6.842105263157895,105.55112461757611,90.73076923076923,0.02102585841458245
A-n53-k7.vrp,10,,TIME,8.0,4029.6,4690.004803311143,152.4,6.5,90.19240006367583,77.49230769230769,0.03782013103037522
A-n53-k7.vrp,10,,DIST,8.9,3709.4,3925.4543619555952,240.2,5.842696629213483,75.48950696068452,71.33461538461539,0.06475440772092521
A-n53-k7.vrp,10,,IDLE,49.3,7583.9,7453.929007347508,0.0,1.054766734279919,143.34478860283667,145.84423076923076,0.0
A-n54-k7.vrp,10,,ROUTES,7.9,5195.3,5960.700750348356,179.6,6.70886075949367,112.46605189336522,98.02452830188679,0.03456970723538583
A-n54-k7.vrp,10,,TIME,8.1,4448.9,4999.171295721254,150.5,6.5432098765432105,94.32398671172177,83.94150943396225,0.03382858684169121
A-n54-k7.vrp,10,,DIST,9.3,4337.3,4657.374108390946,237.2,5.698924731182795,87.87498317718766,81.83584905660378,0.05468840061789592
A-n54-k7.vrp,10,,IDLE,53.0,8869.0,8662.381873103483,0.0,1.0,163.44116741704684,167.33962264150944,0.0
A-n55-k9.vrp,10,,ROUTES,9.0,4845.2,5574.074108274696,180.3,6.0,103.22359459767956,89.72592592592592,0.03721208618839264
A-n55-k9.vrp,10,,TIME,10.0,3818.6,4208.683142458884,157.9,5.4,77.93857671220155,70.71481481481482,0.04135023306971142
A-n55-k9.vrp,10,,DIST,11.9,3753.8,3723.3379475232723,384.6,4.53781512605042,68.95070273191244,69.51481481481481,0.10245617773989024
A-n55-k9.vrp,10,,IDLE,54.0,6786.0,6566.599186786659,0.0,1.0,121.60368864419739,125.66666666666667,0.0
A-n60-k9.vrp,10,,ROUTES,9.1,5600.7,6519.732839696174,119.1,6.483516483516484,110.50394643552838,94.92711864406779,0.02126519899298302
A-n60-k9.vrp,10,,TIME,10.0,5024.9,5808.726070063409,186.6,5.9,98.45298423836286,85.16779661016949,0.03713506736452467
A-n60-k9.vrp,10,,DIST,10.9,4847.4,5139.5371611775745,309.5,5.412844036697248,87.11079934199279,82.1593220338983,0.06384866113792961
A-n60-k9.vrp,10,,IDLE,46.4,8793.0,8929.091587889128,0.0,1.271551724137931,151.34053538795132,149.03389830508473,0.0
A-n61-k9.vrp,10,,ROUTES,10.0,5088.5,5799.383074032315,196.9,6.0,96.65638456720525,84.80833333333334,0.03869509678687236
A-n61-k9.vrp,10,,TIME,11.5,4078.9,4476.369155441287,170.2,5.217391304347826,74.60615259068813,67.98166666666667,0.041726936183775036
A-n61-k9.vrp,10,,DIST,11.9,3899.7,3824.4058488843816,452.8,5.042016806722689,63.74009748140636,64.99499999999999,0.11611149575608382
A-n61-k9.vrp,10,,IDLE,57.6,6865.0,6681.656131233576,0.0,1.0416666666666667,111.36093552055961,114.41666666666667,0.0
A-n62-k8.vrp,10,,ROUTES,8.7,5866.1,6764.136188661078,131.7,7.011494252873564,110.88747850264063,96.1655737704918,0.02245103220197405
A-n62-k8.vrp,10,,TIME,9.3,5143.3,6280.873538049477,267.9,6.559139784946236,102.96513996802422,84.31639344262295,0.052087181381603245
A-n62-k8.vrp,10,,DIST,9.2,5212.0,5796.775038069744,205.9,6.630434782608696,95.02909898474991,85.44262295081967,0.039504988488104374
A-n62-k8.vrp,10,,IDLE,58.6,10711.2,10552.90636596856,0.0,1.0409556313993173,172.99846501587803,175.59344262295082,0.0
A-n63-k9.vrp,10,,ROUTES,10.0,6584.7,7489.780965482797,135.8,6.2,120.80291879810963,106.20483870967742,0.020623566753230977
A-n63-k9.vrp,10,,TIME,10.0,5850.7,6784.775194345524,137.8,6.2,109.4318579733149,94.36612903225806,0.023552737279299917
A-n63-k9.vrp,10,,DIST,10.4,5822.2,6450.7943378136215,173.2,5.961538461538462,104.04506996473583,93.90645161290323,0.029748205145821167
A-n63-k9.vrp,10,,IDLE,59.4,12987.7,12830.909689831522,0.0,1.043771043771044,206.95015628760518,209.47903225806454,0.0
A-n63-k10.vrp,10,,ROUTES,10.3,5734.3,6490.486920689532,227.9,6.019417475728155,104.6852729143473,92.48870967741935,0.03974329909492004
A-n63-k10.vrp,10,,TIME,11.2,4866.7,5469.814590287713,134.8,5.5357142857142865,88.22281597238246,78.49516129032257,0.027698440421640953
A-n63-k10.vrp,10,,DIST,13.9,4824.5,4910.949887550302,415.3,4.460431654676259,79.20886915403713,77.81451612903226,0.08608145921857188
A-n63-k10.vrp,10,,IDLE,49.0,8161.0,8298.067806858384,0.0,1.2653061224489797,133.83980333642555,131.6290322580645,0.0
A-n64-k9.vrp,10,,ROUTES,9.4,5858.6,6622.734823110515,171.5,6.702127659574468,105.12277497000818,92.9936507936508,0.029273205202608128
A-n64-k9.vrp,10,,TIME,10.0,5201.2,5879.5555318876695,86.2,6.3,93.32627828393126,82.55873015873016,0.01657309851572714
A-n64-k9.vrp,10,,DIST,10.5,5253.2,5775.446901808782,202.8,6.0,91.67376034617115,83.38412698412698,0.03860504073707455
A-n64-k9.vrp,10,,IDLE,54.5,10770.1,10727.127760568957,0.0,1.1559633027522935,170.27186921538026,170.95396825396827,0.0
A-n65-k9.vrp,10,,ROUTES,10.0,5965.6,6929.884358179101,161.8,6.4,108.27944309654845,93.2125,0.02712216709132359
A-n65-k9.vrp,10,,TIME,11.2,4924.1,5536.000934477792,146.0,5.714285714285714,86.5000146012155,76.9390625,0.02965008834101663
A-n65-k9.vrp,10,,DIST,11.8,4611.4,4871.250910887773,300.8,5.423728813559322,76.11329548262145,72.053125,0.0652296482630004
A-n65-k9.vrp,10,,IDLE,64.0,8836.0,8584.40546532268,0.0,1.0,134.13133539566687,138.0625,0.0
A-n69-k9.vrp,10,,ROUTES,9.9,6301.8,7301.2444004190675,222.5,6.8686868686868685,107.37124118263334,92.6735294117647,0.03530737249674696
A-n69-k9.vrp,10,,TIME,10.6,5029.9,5932.224792235656,258.2,6.415094339622642,87.23859988581847,73.96911764705882,0.051333028489632004
A-n69-k9.vrp,10,,DIST,11.1,4716.1,4986.714063026847,329.0,6.126126126126127,73.3340303386301,69.35441176470589,0.06976103136065817
A-n69-k9.vrp,10,,IDLE,62.2,8330.9,8229.640958638764,0.0,1.0932475884244373,121.0241317446877,122.51323529411764,0.0
A-n80-k10.vrp,10,,ROUTES,11.0,7767.7,8920.936820908159,117.0,7.181818181818182,112.92325089757163,98.3253164556962,0.015062373675605392
A-n80-k10.vrp,10,,TIME,12.2,7016.1,8490.81275988933,385.3,6.475409836065574,107.47864253024468,88.8113924050633,0.054916549079973204
A-n80-k10.vrp,10,,DIST,11.6,7148.7,7992.011819142868,196.0,6.810344827586207,101.16470657142871,90.48987341772151,0.027417572425755734
A-n80-k10.vrp,10,,IDLE,79.0,17037.0,16730.71286994876,0.0,1.0,211.78117556897163,215.65822784810126,0.0
B-n31-k5.vrp,10,,ROUTES,5.0,2373.7,2480.0093641224757,163.9,6.0,82.66697880408252,79.12333333333332,0.06904832118633358
B-n31-k5.vrp,10,,TIME,5.1,1826.7,1879.5867050029487,77.7,5.882352941176471,62.652890166764955,60.89,0.04253572015109213
B-n31-k5.vrp,10,,DIST,5.0,1816.3,1666.0163503993244,219.6,6.0,55.53387834664415,60.54333333333333,0.12090513681660518
B-n31-k5.vrp,10,,IDLE,25.1,4797.2,4771.314384403127,0.0,1.195219123505976,159.04381281343757,159.90666666666667,0.0
B-n34-k5.vrp,10,,ROUTES,5.0,2792.8,3106.6402503996424,86.6,6.6,94.14061364847402,84.63030303030304,0.031008307075336576
B-n34-k5.vrp,10,,TIME,5.8,2367.3,2640.3135136069614,127.9,5.689655172413794,80.00950041233216,71.73636363636365,0.05402779537870147
B-n34-k5.vrp,10,,DIST,5.7,2411.1,2326.1135332987424,272.3,5.7894736842105265,70.48828888784068,73.06363636363636,0.11293600431338394
B-n34-k5.vrp,10,,IDLE,22.1,4883.1,4988.3595163242835,0.0,1.4932126696832577,151.16240958558436,147.9727272727273,0.0
B-n35-k5.vrp,10,,ROUTES,5.0,3502.1,4056.2481218176167,150.2,6.8,119.30141534757696,103.00294117647059,0.04288855258273607
B-n35-k5.vrp,10,,TIME,5.1,2933.9,3254.4372177458254,58.8,6.666666666666667,95.71874169840663,86.29117647058824,0.02004158287603531
B-n35-k5.vrp,10,,DIST,5.3,2734.9,2772.55315330363,192.1,6.415094339622642,81.54568097951854,80.43823529411765,0.0702402281619072
B-n35-k5.vrp,10,,IDLE,18.8,5841.0,6183.150876098179,0.0,1.8085106382978722,181.85737870876997,171.7941176470588,0.0
B-n38-k6.vrp,10,,ROUTES,6.0,3410.3,3778.3024865044963,170.4,6.166666666666667,102.11628341904044,92.17027027027028,0.049966278626513795
B-n38-k6.vrp,10,,TIME,6.1,2551.3,2740.7606758316033,100.4,6.065573770491803,74.07461286031361,68.95405405405405,0.03935248696742837
B-n38-k6.vrp,10,,DIST,6.0,2491.6,2300.4576599123056,369.8,6.166666666666667,62.17453134898123,67.34054054054054,0.14841868678760636
B-n38-k6.vrp,10,,IDLE,29.0,5464.4,5520.173321727621,0.0,1.2758620689655173,149.193873560206,147.68648648648647,0.0
B-n39-k5.vrp,10,,ROUTES,5.0,3330.7,3794.489578002511,133.8,7.6,99.85498889480291,87.64999999999999,0.040171735671180236
B-n39-k5.vrp,10,,TIME,5.3,2080.7,2264.4041238384407,62.3,7.169811320754717,59.589582206274756,54.75526315789473,0.029941846493968378
B-n39-k5.vrp,10,,DIST,5.4,2047.2,1900.028659288986,275.4,7.037037037037036,50.000754191815425,53.873684210526314,0.13452520515826494
B-n39-k5.vrp,10,,IDLE,33.2,5269.1,5237.581284074565,0.0,1.1445783132530118,137.83108642301485,138.6605263157895,0.0
B-n41-k6.vrp,10,,ROUTES,6.1,3725.9,4278.421866646534,117.1,6.557377049180328,106.96054666616335,93.14750000000001,0.03142864811186559
B-n41-k6.vrp,10,,TIME,7.4,2863.7,3061.017281741899,142.6,5.405405405405405,76.52543204354747,71.5925,0.049795718825295945
B-n41-k6.vrp,10,,DIST,7.9,2787.6,2637.7242029727554,338.3,5.063291139240506,65.94310507431888,69.69,0.12135887501793659
B-n41-k6.vrp,10,,IDLE,30.9,5724.2,5844.354092918216,0.0,1.2944983818770228,146.1088523229554,143.105,0.0
B-n43-k6.vrp,10,,ROUTES,6.0,3431.2,3855.267895898459,150.2,7.0,91.79209275948712,81.6952380952381,0.04377477267428305
B-n43-k6.vrp,10,,TIME,6.2,2678.3,2926.8802210589106,118.2,6.774193548387097,69.68762431092644,63.769047619047626,0.04413247209050517
B-n43-k6.vrp,10,,DIST,6.5,2495.1,2513.9959939452337,229.7,6.461538461538462,59.85704747488652,59.40714285714286,0.09206043845938039
B-n43-k6.vrp,10,,IDLE,42.0,5764.0,5599.9743469390305,0.0,1.0,133.3327225461674,137.23809523809524,0.0
B-n44-k7.vrp,10,,ROUTES,7.0,4028.4,4388.323954311122,247.4,6.142857142857143,102.05404544909587,93.68372093023255,0.06141396087776785
B-n44-k7.vrp,10,,TIME,7.2,3160.1,3482.316505898335,85.6,5.972222222222222,80.98410478833337,73.4906976744186,0.02708775038764596
B-n44-k7.vrp,10,,DIST,9.2,3169.4,3051.608606561015,367.3,4.673913043478262,70.96764201304687,73.70697674418605,0.11588944279674386
B-n44-k7.vrp,10,,IDLE,37.8,6399.3,6348.926159031007,0.0,1.1375661375661377,147.64944555886063,148.82093023255814,0.0
B-n45-k5.vrp,10,,ROUTES,6.0,3936.3,4498.733479722558,152.2,7.333333333333333,102.24394272096721,89.46136363636364,0.038665752102227974
B-n45-k5.vrp,10,,TIME,6.5,2764.4,3093.4621460411495,43.2,6.769230769230769,70.30595786457158,62.82727272727273,0.015627260888438722
B-n45-k5.vrp,10,,DIST,6.6,2564.4,2581.1713206040017,222.1,6.666666666666667,58.66298455918186,58.28181818181818,0.08660895336141007
B-n45-k5.vrp,10,,IDLE,37.6,5489.1,5506.518608987748,0.0,1.1702127659574468,125.148150204267,124.75227272727274,0.0
B-n45-k6.vrp,10,,ROUTES,6.6,3250.0,3495.908187910535,240.6,6.666666666666667,79.45245881614852,73.86363636363636,0.07403076923076923
B-n45-k6.vrp,10,,TIME,7.3,2563.2,2749.3990022198664,93.9,6.027397260273973,62.48634095954242,58.25454545454545,0.03663389513108615
B-n45-k6.vrp,10,,DIST,7.3,2608.6,2416.4534383121536,372.6,6.027397260273973,54.91939632527622,59.28636363636363,0.14283523729203407
B-n45-k6.vrp,10,,IDLE,41.9,5332.9,5196.3054755912035,0.0,1.0501193317422435,118.0978517179819,121.20227272727271,0.0
B-n50-k7.vrp,10,,ROUTES,7.0,4165.8,4712.311481483592,208.4,7.0,96.16962207109371,85.01632653061225,0.050026405492342406
B-n50-k7.vrp,10,,TIME,7.7,2998.3,3194.4385053963074,171.6,6.363636363636363,65.19262255910832,61.18979591836735,0.057232431711303065
B-n50-k7.vrp,10,,DIST,9.2,2934.8,2760.851079912716,388.7,5.326086956521739,56.34389959005543,59.89387755102041,0.13244514106583072
B-n50-k7.vrp,10,,IDLE,46.8,5920.3,5794.36695540869,0.0,1.047008547008547,118.2523868450753,120.82244897959184,0.0
B-n50-k8.vrp,10,,ROUTES,8.0,4443.8,4958.7886388252045,146.5,6.125,101.19976813928989,90.68979591836735,0.03296728025563707
B-n50-k8.vrp,10,,TIME,8.6,3890.8,4312.959777763553,139.6,5.6976744186046515,88.019587301297,79.40408163265306,0.035879510640485245
B-n50-k8.vrp,10,,DIST,8.7,4018.5,4113.37395421065,301.4,5.6321839080459775,83.94640722878877,82.01020408163265,0.07500311061341296
B-n50-k8.vrp,10,,IDLE,44.4,8224.1,8132.896914458332,0.0,1.1036036036036037,165.97748805017002,167.8387755102041,0.0
B-n51-k7.vrp,10,,ROUTES,8.0,5284.6,6170.1765646216345,248.6,6.25,123.40353129243269,105.69200000000001,0.04704234946826628
B-n51-k7.vrp,10,,TIME,9.2,3778.2,4360.101297165251,219.3,5.434782608695652,87.20202594330502,75.564,0.05804351278386534
B-n51-k7.vrp,10,,DIST,8.9,3559.6,3621.407577908999,279.8,5.617977528089887,72.42815155817998,71.192,0.07860433756601866
B-n51-k7.vrp,10,,IDLE,39.4,7700.7,7850.145598543206,0.0,1.2690355329949239,157.00291197086412,154.014,0.0
B-n52-k7.vrp,10,,ROUTES,7.0,4533.2,5215.500401300077,150.9,7.285714285714286,102.2647137509819,88.88627450980391,0.03328774375716933
B-n52-k7.vrp,10,,TIME,7.0,3351.3,3750.8177520842682,107.7,7.285714285714286,73.54544611929937,65.71176470588236,0.03213678274102587
B-n52-k7.vrp,10,,DIST,8.0,3088.9,2987.9106356018424,402.3,6.375,58.586483051016515,60.56666666666667,0.13024053870309818
B-n52-k7.vrp,10,,IDLE,48.5,6933.1,6824.412492197892,0.0,1.0515463917525774,133.81200965093905,135.94313725490196,0.0
B-n56-k7.vrp,10,,ROUTES,7.0,4373.3,5082.212222519626,238.9,7.857142857142857,92.40385859126593,79.51454545454546,0.0546269407541216
B-n56-k7.vrp,10,,TIME,7.9,3077.9,3347.452191987355,143.7,6.962025316455696,60.86276712704282,55.96181818181818,0.0466876766626596
B-n56-k7.vrp,10,,DIST,8.7,3222.1,3017.4356237118236,501.1,6.321839080459771,54.86246588566952,58.58363636363636,0.15551969212625308
B-n56-k7.vrp,10,,IDLE,49.2,6608.0,6539.569517007554,0.0,1.1178861788617886,118.9012639455919,120.14545454545454,0.0
B-n57-k7.vrp,10,,ROUTES,8.4,5704.2,6819.111521173113,242.8,6.666666666666666,121.76984859237702,101.86071428571428,0.04256512744994916
B-n57-k7.vrp,10,,TIME,9.3,4874.4,5893.624283836322,259.4,6.021505376344086,105.24329078279148,87.04285714285713,0.05321680617101592
B-n57-k7.vrp,10,,DIST,9.0,4537.8,4935.109213054985,191.0,6.222222222222222,88.12695023312473,81.03214285714286,0.04209088104367755
B-n57-k7.vrp,10,,IDLE,48.2,9995.2,10022.585605588114,0.0,1.1618257261410787,178.9747429569306,178.4857142857143,0.0
B-n57-k9.vrp,10,,ROUTES,9.0,5616.8,6260.060672851729,150.6,6.222222222222222,111.78679772949515,100.3,0.026812419883207518
B-n57-k9.vrp,10,,TIME,9.0,4991.3,5561.653999022474,88.0,6.222222222222222,99.31524998254417,89.13035714285715,0.01763067737863883
B-n57-k9.vrp,10,,DIST,9.1,5079.2,5472.312111200641,213.0,6.153846153846154,97.71985912858288,90.7,0.04193573791148213
B-n57-k9.vrp,10,,IDLE,45.0,11553.0,11567.470995797774,0.0,1.2444444444444445,206.56198206781738,206.30357142857142,0.0
B-n63-k10.vrp,10,,ROUTES,10.0,6385.1,7308.373947126747,138.9,6.2,117.8769991472056,102.98548387096774,0.021753770496938184
B-n63-k10.vrp,10,,TIME,11.2,5740.8,6660.536790627908,156.4,5.5357142857142865,107.42801275206303,92.59354838709677,0.027243589743589744
B-n63-k10.vrp,10,,DIST,11.0,5767.8,6313.3374931784465,230.7,5.636363636363637,101.82802408352333,93.02903225806452,0.039997919484032037
B-n63-k10.vrp,10,,IDLE,53.3,11743.9,11771.202180979195,0.0,1.1632270168855536,189.85809969321284,189.41774193548386,0.0
B-n64-k9.vrp,10,,ROUTES,10.0,5222.7,5806.069131712088,313.0,6.3,92.15982748749346,82.89999999999999,0.05993068719244835
B-n64-k9.vrp,10,,TIME,11.4,3760.9,4004.5091862719623,189.3,5.526315789473684,63.56363787733274,59.696825396825396,0.050333696721529424
B-n64-k9.vrp,10,,DIST,12.2,3719.3,3583.0241800087797,450.8,5.163934426229509,56.87339968267904,59.03650793650794,0.12120560320490414
B-n64-k9.vrp,10,,IDLE,63.0,7057.0,6805.391909727927,0.0,1.0,108.02209380520519,112.01587301587301,0.0
B-n66-k9.vrp,10,,ROUTES,9.8,5893.9,6696.47539863891,158.8,6.632653061224489,103.0226984405986,90.67538461538462,0.02694311067374744
B-n66-k9.vrp,10,,TIME,10.4,5207.5,5741.444546189595,206.7,6.25,88.32991609522453,80.11538461538461,0.03969275084013442
B-n66-k9.vrp,10,,DIST,10.8,5263.3,5569.795920200168,348.5,6.018518518518518,85.68916800307952,80.97384615384615,0.06621321224326943
B-n66-k9.vrp,10,,IDLE,62.3,11217.9,11032.784055753047,0.0,1.043338683788122,169.73513931927764,172.58307692307693,0.0
B-n67-k10.vrp,10,,ROUTES,10.0,5696.3,6407.170713640461,306.9,6.6,97.0783441460676,86.30757575757576,0.05387707810333023
B-n67-k10.vrp,10,,TIME,11.4,4499.6,4993.1440296167775,135.8,5.7894736842105265,75.65369741843602,68.17575757575759,0.030180460485376478
B-n67-k10.vrp,10,,DIST,12.4,4308.8,4158.35515436827,512.6,5.32258064516129,63.00538112679197,65.28484848484848,0.11896583735610843
B-n67-k10.vrp,10,,IDLE,66.0,8126.0,7857.001520607536,0.0,1.0,119.04547758496267,123.12121212121212,0.0
B-n68-k9.vrp,10,,ROUTES,9.7,6169.5,6996.354170258384,201.9,6.907216494845361,104.42319657102067,92.08208955223881,0.032725504497933385
B-n68-k9.vrp,10,,TIME,10.5,5580.1,6262.045780388197,170.9,6.380952380952381,93.46336985654025,83.28507462686568,0.030626691277934086
B-n68-k9.vrp,10,,DIST,11.4,5638.9,6163.208262937852,240.1,5.87719298245614,91.98818302892316,84.16268656716417,0.042579226444874003
B-n68-k9.vrp,10,,IDLE,63.8,11818.2,11628.570956306063,0.0,1.0501567398119123,173.56076054188154,176.3910447761194,0.0
B-n78-k10.vrp,10,,ROUTES,11.0,7009.7,8040.321656525799,251.2,7.0,104.41976177306232,91.03506493506494,0.035836055751316036
B-n78-k10.vrp,10,,TIME,12.8,5811.4,6832.927732352732,375.6,6.015625,88.73932119938613,75.47272727272727,0.06463158619265583
B-n78-k10.vrp,10,,DIST,14.2,5665.1,5899.810634123778,462.7,5.422535211267606,76.62091732628284,73.57272727272728,0.08167552205609785
B-n78-k10.vrp,10,,IDLE,73.3,10818.7,10633.331376273887,0.0,1.0504774897680764,138.09521267888164,140.50259740259742,0.0
P-n16-k8.vrp,10,,ROUTES,8.0,995.9,880.2548097246136,122.7,1.875,58.6836539816409,66.39333333333333,0.12320514107842154
P-n16-k8.vrp,10,,TIME,8.0,743.5,713.0516020381856,0.0,1.875,47.53677346921237,49.56666666666667,0.0
P-n16-k8.vrp,10,,DIST,8.0,827.0,692.5933552888799,82.7,1.875,46.172890352592,55.13333333333333,0.1
P-n16-k8.vrp,10,,IDLE,13.3,1124.8,1079.0762871146812,0.0,1.1278195488721805,71.93841914097875,74.98666666666666,0.0
P-n19-k2.vrp,10,,ROUTES,2.0,850.6,871.810747107302,77.0,9.0,48.43393039485011,47.25555555555556,0.09052433576299082
P-n19-k2.vrp,10,,TIME,2.2,579.2,605.9339838786124,4.0,8.181818181818182,33.66299910436735,32.17777777777778,0.006906077348066298
P-n19-k2.vrp,10,,DIST,2.1,584.3,516.6903378352417,74.5,8.571428571428571,28.70501876862454,32.46111111111111,0.12750299503679619
P-n19-k2.vrp,10,,IDLE,16.1,1420.3,1363.3510777890103,0.0,1.1180124223602483,75.7417265438339,78.90555555555555,0.0
P-n20-k2.vrp,10,,ROUTES,2.0,902.9,918.1048478445737,86.6,9.5,48.32130778129335,47.52105263157895,0.09591316867870196
P-n20-k2.vrp,10,,TIME,2.4,630.0,665.730217197984,0.6,7.916666666666667,35.03843248410442,33.1578947368421,9.523809523809524E-4
P-n20-k2.vrp,10,,DIST,2.4,682.0,556.9422493494274,130.6,7.916666666666667,29.312749965759334,35.89473684210526,0.19149560117302053
P-n20-k2.vrp,10,,IDLE,12.6,1315.5,1310.7977127512559,0.0,1.507936507936508,68.98935330269768,69.23684210526316,0.0
P-n21-k2.vrp,10,,ROUTES,2.0,938.6,971.6769039989198,80.4,10.0,48.58384519994599,46.93,0.08565949286170893
P-n21-k2.vrp,10,,TIME,2.4,656.4,682.5140898778354,12.3,8.333333333333334,34.125704493891774,32.82,0.01873857404021938
P-n21-k2.vrp,10,,DIST,2.4,736.6,602.2831840729406,150.8,8.333333333333334,30.114159203647027,36.83,0.2047244094488189
P-n21-k2.vrp,10,,IDLE,14.7,1397.5,1376.9630858503026,0.0,1.3605442176870748,68.84815429251513,69.875,0.0
P-n22-k2.vrp,10,,ROUTES,2.0,979.3,1018.640489565,76.5,10.5,48.50668997928572,46.63333333333333,0.07811702236291229
P-n22-k2.vrp,10,,TIME,2.3,696.8,742.3699180276127,5.5,9.130434782608697,35.35094847750537,33.18095238095238,0.007893226176808267
P-n22-k2.vrp,10,,DIST,2.1,737.3,618.3802977190601,138.6,10.0,29.446680843764767,35.10952380952381,0.18798318187983182
P-n22-k2.vrp,10,,IDLE,17.0,1537.8,1494.1486720923244,0.0,1.2352941176470589,71.14993676630117,73.22857142857143,0.0
P-n22-k8.vrp,10,,ROUTES,8.2,1619.2,1573.7989465125024,175.4,2.5609756097560976,74.94280697678583,77.1047619047619,0.10832509881422925
P-n22-k8.vrp,10,,TIME,9.6,1084.5,1076.0140837186623,16.0,2.1875,51.23876589136487,51.642857142857146,0.01475334255417243
P-n22-k8.vrp,10,,DIST,9.6,1310.7,1003.4322265150913,278.5,2.1875,47.78248697690911,62.41428571428572,0.21248187991149767
P-n22-k8.vrp,10,,IDLE,17.9,1710.5,1663.3177452875993,0.0,1.1731843575418994,79.20560691845711,81.45238095238095,0.0
P-n23-k8.vrp,10,,ROUTES,9.0,1536.2,1285.1366998750086,308.1,2.4444444444444446,58.41530453977312,69.82727272727273,0.2005598229397214
P-n23-k8.vrp,10,,TIME,10.3,1047.6,1028.93818854546,9.3,2.1359223300970873,46.76991766115727,47.61818181818182,0.008877434135166095
P-n23-k8.vrp,10,,DIST,9.7,1368.0,930.5015555712392,393.1,2.2680412371134024,42.29552525323815,62.18181818181818,0.28735380116959064
P-n23-k8.vrp,10,,IDLE,18.5,1589.1,1540.7452819794546,0.0,1.1891891891891893,70.03387645361157,72.23181818181818,0.0
P-n40-k5.vrp,10,,ROUTES,5.0,2357.6,2423.3195772270287,277.0,7.8,62.13639941607766,60.45128205128205,0.1174923651170682
P-n40-k5.vrp,10,,TIME,5.8,1710.0,1877.4605475427065,26.2,6.724137931034483,48.140014039556576,43.84615384615385,0.015321637426900585
P-n40-k5.vrp,10,,DIST,5.4,1761.8,1508.8952205675703,364.8,7.222222222222221,38.68962104019411,45.174358974358974,0.2070609603814281
P-n40-k5.vrp,10,,IDLE,39.0,2949.0,2792.7236611410153,0.0,1.0,71.60829900361578,75.61538461538461,0.0
P-n45-k5.vrp,10,,ROUTES,5.0,2798.6,2955.483459415609,288.7,8.8,67.17007862308202,63.60454545454545,0.10315872221825198
P-n45-k5.vrp,10,,TIME,5.9,1957.8,2127.5515945307934,71.5,7.4576271186440675,48.35344533024531,44.49545454545454,0.03652058432934927
P-n45-k5.vrp,10,,DIST,6.6,2087.8,1822.6047689631644,410.4,6.666666666666667,41.42283565825374,47.45,0.19657055273493626
P-n45-k5.vrp,10,,IDLE,39.8,3370.5,3267.965967265582,0.0,1.105527638190955,74.2719538014905,76.60227272727273,0.0
P-n50-k7.vrp,10,,ROUTES,7.0,2882.1,3102.8580129396582,224.5,7.0,63.32363291713588,58.81836734693877,0.0778945907498005
P-n50-k7.vrp,10,,TIME,7.5,2218.9,2404.679177748808,70.1,6.533333333333333,49.075085260179755,45.28367346938776,0.03159223038442471
P-n50-k7.vrp,10,,DIST,7.9,2289.0,1912.687282486952,507.9,6.20253164556962,39.03443433646841,46.714285714285715,0.22188728702490168
P-n50-k7.vrp,10,,IDLE,49.0,3543.0,3348.830746847525,0.0,1.0,68.34348462954132,72.3061224489796,0.0
P-n50-k8.vrp,10,,ROUTES,8.9,3048.6,3050.0586119864424,392.3,5.50561797752809,62.246094122172295,62.21632653061224,0.12868201797546416
P-n50-k8.vrp,10,,TIME,10.7,2298.2,2458.3233078246417,64.3,4.579439252336449,50.169863424992684,46.902040816326526,0.02797841789226351
P-n50-k8.vrp,10,,DIST,10.2,2451.9,1958.8667963464297,598.6,4.803921568627452,39.9768733948251,50.03877551020408,0.24413719972266407
P-n50-k8.vrp,10,,IDLE,49.0,3543.0,3348.830746847525,0.0,1.0,68.34348462954132,72.3061224489796,0.0
P-n50-k10.vrp,10,,ROUTES,10.2,3132.4,3113.781251248528,417.9,4.803921568627452,63.546556147929145,63.9265306122449,0.13341208019410036
P-n50-k10.vrp,10,,TIME,12.2,2325.3,2408.531739397825,106.9,4.016393442622951,49.15370896730255,47.45510204081633,0.04597256268008429
P-n50-k10.vrp,10,,DIST,13.0,2696.4,2059.44072313197,719.7,3.769230769230769,42.02940251289735,55.02857142857143,0.26691143747218515
P-n50-k10.vrp,10,,IDLE,49.0,3543.0,3348.830746847525,0.0,1.0,68.34348462954132,72.3061224489796,0.0
P-n51-k10.vrp,10,,ROUTES,11.0,3320.0,3348.0681429384895,392.0,4.545454545454546,66.96136285876979,66.4,0.1180722891566265
P-n51-k10.vrp,10,,TIME,14.5,2484.3,2573.261883128619,97.0,3.4482758620689653,51.46523766257238,49.68600000000001,0.039045203880368716
P-n51-k10.vrp,10,,DIST,12.9,2685.9,2120.562791550266,647.0,3.875968992248062,42.41125583100532,53.718,0.24088759819799693
P-n51-k10.vrp,10,,IDLE,47.9,3742.7,3576.3817555415903,0.0,1.0438413361169103,71.52763511083181,74.854,0.0
P-n55-k7.vrp,10,,ROUTES,7.0,3325.6,3463.5242377683144,359.9,7.714285714285714,64.13933773645027,61.58518518518518,0.10822107288910271
P-n55-k7.vrp,10,,TIME,7.5,2460.3,2620.3495662936793,128.5,7.2,48.52499196840147,45.56111111111112,0.052229402918343285
P-n55-k7.vrp,10,,DIST,8.2,2500.6,2121.024195904818,541.2,6.585365853658537,39.27822585008922,46.3074074074074,0.21642805726625614
P-n55-k7.vrp,10,,IDLE,54.0,3876.0,3662.5084100573804,0.0,1.0,67.82422981587742,71.77777777777777,0.0
P-n55-k8.vrp,10,,ROUTES,7.0,3168.5,3345.288929981148,305.8,7.714285714285714,61.94979499965089,58.675925925925924,0.09651254536847088
P-n55-k8.vrp,10,,TIME,7.6,2471.4,2656.8974622850474,111.8,7.105263157894737,49.201804857130504,45.766666666666666,0.045237517196730595
P-n55-k8.vrp,10,,DIST,8.4,2511.5,2106.6625902420933,550.8,6.428571428571428,39.01227018966839,46.50925925925926,0.21931116862432806
P-n55-k8.vrp,10,,IDLE,54.0,3876.0,3662.5084100573804,0.0,1.0,67.82422981587742,71.77777777777777,0.0
P-n55-k10.vrp,10,,ROUTES,10.0,3389.5,3390.5489985218655,436.7,5.4,62.787944417071586,62.76851851851852,0.12883906180852633
P-n55-k10.vrp,10,,TIME,12.7,2545.3,2644.5038150251794,122.6,4.251968503937008,48.972292870836654,47.135185185185186,0.04816721015204494
P-n55-k10.vrp,10,,DIST,12.4,2634.0,2197.2225264309645,533.5,4.354838709677419,40.689306045017865,48.77777777777778,0.2025436598329537
P-n55-k10.vrp,10,,IDLE,54.0,3876.0,3662.5084100573804,0.0,1.0,67.82422981587742,71.77777777777777,0.0
P-n55-k15.vrp,10,,ROUTES,16.6,3737.9,3381.517344450019,678.1,3.2530120481927707,62.620691563889245,69.22037037037038,0.18141202279354718
P-n55-k15.vrp,10,,TIME,21.6,2750.2,2702.83945824202,139.7,2.5,50.05258256003741,50.92962962962962,0.05079630572322013
P-n55-k15.vrp,10,,DIST,19.2,3210.3,2406.27177115352,855.9,2.8125,44.560588354694815,59.45,0.26661059714045415
P-n55-k15.vrp,10,,IDLE,54.0,3876.0,3662.5084100573804,0.0,1.0,67.82422981587742,71.77777777777777,0.0
P-n60-k10.vrp,10,,ROUTES,10.0,3715.0,3881.675779212601,360.4,5.9,65.79111490190849,62.96610169491525,0.09701211305518169
P-n60-k10.vrp,10,,TIME,12.2,2837.2,2957.116990258172,158.8,4.836065573770492,50.12062695352834,48.088135593220336,0.05597067531368956
P-n60-k10.vrp,10,,DIST,13.0,3013.3,2530.387174319537,642.7,4.538461538461538,42.88791820880571,51.0728813559322,0.21328775760793814
P-n60-k10.vrp,10,,IDLE,59.0,4391.0,4157.89632270258,0.0,1.0,70.47281902885729,74.42372881355932,0.0
P-n60-k15.vrp,10,,ROUTES,15.9,3994.7,3912.437198748391,530.6,3.710691823899371,66.31249489404053,67.70677966101695,0.1328259944426365
P-n60-k15.vrp,10,,TIME,20.2,3047.9,3087.241534382326,130.6,2.9207920792079207,52.32612770139536,51.659322033898306,0.04284917484169428
P-n60-k15.vrp,10,,DIST,18.0,3496.4,2714.5602298265103,896.0,3.2777777777777777,46.00949542078831,59.26101694915254,0.2562635854021279
P-n60-k15.vrp,10,,IDLE,59.0,4393.0,4161.063308822754,0.0,1.0,70.5264967597077,74.45762711864407,0.0
P-n65-k10.vrp,10,,ROUTES,10.0,4032.8,4244.35726242712,380.9,6.4,66.31808222542375,63.0125,0.09445050585201348
P-n65-k10.vrp,10,,TIME,11.8,3182.5,3408.1511979333322,145.4,5.423728813559322,53.252362467708316,49.7265625,0.04568735271013354
P-n65-k10.vrp,10,,DIST,12.3,3374.9,2904.1582573311025,693.3,5.203252032520325,45.37747277079848,52.7328125,0.20542830898693293
P-n65-k10.vrp,10,,IDLE,64.0,4908.0,4656.765569006827,0.0,1.0,72.76196201573167,76.6875,0.0
P-n70-k10.vrp,10,,ROUTES,10.8,4348.8,4694.262973523708,323.7,6.388888888888888,68.0327967177349,63.026086956521745,0.07443432671081678
P-n70-k10.vrp,10,,TIME,11.7,3495.0,3728.625059370196,190.3,5.897435897435898,54.0380443386985,50.65217391304348,0.054449213161659515
P-n70-k10.vrp,10,,DIST,14.2,3488.0,3185.48669912339,546.9,4.859154929577465,46.166473900338985,50.55072463768116,0.15679472477064219
P-n70-k10.vrp,10,,IDLE,69.0,5283.0,5010.424998646701,0.0,1.0,72.61485505285074,76.56521739130434,0.0
P-n76-k4.vrp,10,,ROUTES,6.0,4200.7,4710.152923825914,222.0,12.5,62.802038984345515,56.00933333333333,0.052848334801342635
P-n76-k4.vrp,10,,TIME,6.3,3672.6,4124.083585055914,137.3,11.904761904761905,54.98778113407886,48.967999999999996,0.03738495888471383
P-n76-k4.vrp,10,,DIST,8.6,3437.2,3312.767085067954,477.0,8.720930232558139,44.170227800906055,45.82933333333333,0.1387757477016176
P-n76-k4.vrp,10,,IDLE,75.0,5739.0,5446.285182694199,0.0,1.0,72.61713576925598,76.52,0.0
P-n76-k5.vrp,10,,ROUTES,6.0,4074.9,4535.233003728822,226.1,12.5,60.46977338305096,54.332,0.05548602419691281
P-n76-k5.vrp,10,,TIME,8.1,3719.6,4173.9301587519685,106.5,9.25925925925926,55.65240211669291,49.59466666666667,0.028632110979675236
P-n76-k5.vrp,10,,DIST,7.5,3565.5,3430.3671213811567,518.5,10.0,45.73822828508209,47.54,0.14542139952320854
P-n76-k5.vrp,10,,IDLE,75.0,5739.0,5446.285182694199,0.0,1.0,72.61713576925598,76.52,0.0
P-n101-k4.vrp,10,,ROUTES,8.0,5577.6,6079.9671614666895,410.0,12.5,60.79967161466689,55.776,0.0735083189902467
P-n101-k4.vrp,10,,TIME,10.7,5147.1,5912.308967562265,357.6,9.345794392523365,59.12308967562265,51.471000000000004,0.06947601562044646
P-n101-k4.vrp,10,,DIST,10.2,4988.7,4933.463611550652,651.3,9.803921568627452,49.33463611550652,49.887,0.13055505442299598
P-n101-k4.vrp,10,,IDLE,100.0,7874.0,7484.133931886579,0.0,1.0,74.84133931886579,78.74,0.0
